k141_49741	1	no rank	root	7	6	6	1.000	unknown;unknown;unknown	-_root
k141_3908	2	superkingdom	Bacteria	6	5	4	0.990	uc_Bacteria;uc_Bacteria;uc_Bacteria	-_cellular organisms;d_Bacteria
k141_23618	2	superkingdom	Bacteria	6	5	3	0.600	uc_Bacteria;uc_Bacteria;uc_Bacteria	-_cellular organisms;d_Bacteria
k141_49779	1224	phylum	Proteobacteria	8	7	6	0.760	unknown;Proteobacteria;uc_Proteobacteria	-_cellular organisms;d_Bacteria;p_Proteobacteria
k141_16803	80840	order	Burkholderiales	3	3	3	1.000	unknown;Proteobacteria;uc_Burkholderiales	-_cellular organisms;d_Bacteria;p_Proteobacteria;c_Betaproteobacteria;o_Burkholderiales
k141_20382	80840	order	Burkholderiales	7	7	4	0.570	unknown;Proteobacteria;uc_Burkholderiales	-_cellular organisms;d_Bacteria;p_Proteobacteria;c_Betaproteobacteria;o_Burkholderiales
k141_23687	396596	strain	Burkholderia ambifaria IOP40-10	2	2	1	0.500	unknown;Proteobacteria;Burkholderiaceae	-_cellular organisms;d_Bacteria;p_Proteobacteria;c_Betaproteobacteria;o_Burkholderiales;f_Burkholderiaceae;g_Burkholderia;-_Burkholderia cepacia complex;s_Burkholderia ambifaria;-_Burkholderia ambifaria IOP40-10
k141_23707	1224	phylum	Proteobacteria	8	8	4	0.500	unknown;Proteobacteria;uc_Proteobacteria	-_cellular organisms;d_Bacteria;p_Proteobacteria
k141_23723	1224	phylum	Proteobacteria	4	3	2	0.980	unknown;Proteobacteria;uc_Proteobacteria	-_cellular organisms;d_Bacteria;p_Proteobacteria
k141_16809	1	no rank	root	4	3	3	1.000	unknown;unknown;unknown	-_root
k141_25926	2	superkingdom	Bacteria	3	3	2	0.670	uc_Bacteria;uc_Bacteria;uc_Bacteria	-_cellular organisms;d_Bacteria
k141_51194	1	no rank	root	12	8	8	1.000	unknown;unknown;unknown	-_root
k141_18072	1	no rank	root	8	8	8	1.000	unknown;unknown;unknown	-_root
k141_1745	80864	family	Comamonadaceae	7	7	4	0.500	unknown;Proteobacteria;Comamonadaceae	-_cellular organisms;d_Bacteria;p_Proteobacteria;c_Betaproteobacteria;o_Burkholderiales;f_Comamonadaceae
k141_34860	1	no rank	root	6	6	6	1.000	unknown;unknown;unknown	-_root
k141_41946	1	no rank	root	14	13	13	1.000	unknown;unknown;unknown	-_root
k141_34892	1	no rank	root	7	6	6	1.000	unknown;unknown;unknown	-_root
k141_45029	2	superkingdom	Bacteria	12	11	6	0.510	uc_Bacteria;uc_Bacteria;uc_Bacteria	-_cellular organisms;d_Bacteria
k141_11801	2	superkingdom	Bacteria	7	6	4	0.740	uc_Bacteria;uc_Bacteria;uc_Bacteria	-_cellular organisms;d_Bacteria
k141_45059	3193	clade	Embryophyta	7	5	3	0.600	Viridiplantae;Streptophyta;unknown	-_cellular organisms;d_Eukaryota;k_Viridiplantae;p_Streptophyta;-_Streptophytina;-_Embryophyta
k141_25750	2	superkingdom	Bacteria	10	8	5	0.660	uc_Bacteria;uc_Bacteria;uc_Bacteria	-_cellular organisms;d_Bacteria
k141_47272	1	no rank	root	7	6	6	1.000	unknown;unknown;unknown	-_root
k141_32177	2	superkingdom	Bacteria	17	15	10	0.590	uc_Bacteria;uc_Bacteria;uc_Bacteria	-_cellular organisms;d_Bacteria
k141_25809	2	superkingdom	Bacteria	5	5	3	0.600	uc_Bacteria;uc_Bacteria;uc_Bacteria	-_cellular organisms;d_Bacteria
k141_37864	80840	order	Burkholderiales	2	2	2	1.000	unknown;Proteobacteria;uc_Burkholderiales	-_cellular organisms;d_Bacteria;p_Proteobacteria;c_Betaproteobacteria;o_Burkholderiales
k141_37901	1	no rank	root	4	4	4	1.000	unknown;unknown;unknown	-_root
k141_37914	2	superkingdom	Bacteria	13	11	7	0.700	uc_Bacteria;uc_Bacteria;uc_Bacteria	-_cellular organisms;d_Bacteria
k141_22319	80840	order	Burkholderiales	4	4	2	0.500	unknown;Proteobacteria;uc_Burkholderiales	-_cellular organisms;d_Bacteria;p_Proteobacteria;c_Betaproteobacteria;o_Burkholderiales
k141_25912	2	superkingdom	Bacteria	16	16	8	0.500	uc_Bacteria;uc_Bacteria;uc_Bacteria	-_cellular organisms;d_Bacteria
k141_25920	2	superkingdom	Bacteria	6	5	3	0.510	uc_Bacteria;uc_Bacteria;uc_Bacteria	-_cellular organisms;d_Bacteria
k141_2080	80840	order	Burkholderiales	6	6	3	0.500	unknown;Proteobacteria;uc_Burkholderiales	-_cellular organisms;d_Bacteria;p_Proteobacteria;c_Betaproteobacteria;o_Burkholderiales
k141_42385	80865	genus	Delftia	5	5	3	0.510	unknown;Proteobacteria;Comamonadaceae	-_cellular organisms;d_Bacteria;p_Proteobacteria;c_Betaproteobacteria;o_Burkholderiales;f_Comamonadaceae;g_Delftia
k141_51760	2	superkingdom	Bacteria	7	7	5	0.610	uc_Bacteria;uc_Bacteria;uc_Bacteria	-_cellular organisms;d_Bacteria
k141_18572	1224	phylum	Proteobacteria	5	4	2	0.500	unknown;Proteobacteria;uc_Proteobacteria	-_cellular organisms;d_Bacteria;p_Proteobacteria
k141_18587	2	superkingdom	Bacteria	7	7	5	0.600	uc_Bacteria;uc_Bacteria;uc_Bacteria	-_cellular organisms;d_Bacteria
k141_18607	1	no rank	root	6	5	5	1.000	unknown;unknown;unknown	-_root
k141_42468	2	superkingdom	Bacteria	9	8	5	0.510	uc_Bacteria;uc_Bacteria;uc_Bacteria	-_cellular organisms;d_Bacteria
k141_42493	2	superkingdom	Bacteria	7	6	6	1.000	uc_Bacteria;uc_Bacteria;uc_Bacteria	-_cellular organisms;d_Bacteria
k141_35367	1224	phylum	Proteobacteria	9	8	5	0.570	unknown;Proteobacteria;uc_Proteobacteria	-_cellular organisms;d_Bacteria;p_Proteobacteria
k141_8319	1224	phylum	Proteobacteria	8	6	3	0.500	unknown;Proteobacteria;uc_Proteobacteria	-_cellular organisms;d_Bacteria;p_Proteobacteria
k141_802	2	superkingdom	Bacteria	6	5	3	0.600	uc_Bacteria;uc_Bacteria;uc_Bacteria	-_cellular organisms;d_Bacteria
k141_812	1224	phylum	Proteobacteria	4	4	2	0.660	unknown;Proteobacteria;uc_Proteobacteria	-_cellular organisms;d_Bacteria;p_Proteobacteria
k141_26909	1224	phylum	Proteobacteria	5	5	4	0.750	unknown;Proteobacteria;uc_Proteobacteria	-_cellular organisms;d_Bacteria;p_Proteobacteria
k141_49872	2	superkingdom	Bacteria	6	6	3	0.600	uc_Bacteria;uc_Bacteria;uc_Bacteria	-_cellular organisms;d_Bacteria
k141_20660	2	superkingdom	Bacteria	14	11	8	0.580	uc_Bacteria;uc_Bacteria;uc_Bacteria	-_cellular organisms;d_Bacteria
k141_26928	2	superkingdom	Bacteria	4	3	3	1.000	uc_Bacteria;uc_Bacteria;uc_Bacteria	-_cellular organisms;d_Bacteria
k141_40355	2	superkingdom	Bacteria	5	4	2	0.500	uc_Bacteria;uc_Bacteria;uc_Bacteria	-_cellular organisms;d_Bacteria
k141_23908	2	superkingdom	Bacteria	3	3	2	0.670	uc_Bacteria;uc_Bacteria;uc_Bacteria	-_cellular organisms;d_Bacteria
k141_865	1	no rank	root	11	10	10	1.000	unknown;unknown;unknown	-_root
k141_23916	80840	order	Burkholderiales	6	6	4	0.740	unknown;Proteobacteria;uc_Burkholderiales	-_cellular organisms;d_Bacteria;p_Proteobacteria;c_Betaproteobacteria;o_Burkholderiales
k141_23021	1224	phylum	Proteobacteria	7	7	3	0.580	unknown;Proteobacteria;uc_Proteobacteria	-_cellular organisms;d_Bacteria;p_Proteobacteria
k141_38919	2	superkingdom	Bacteria	5	5	3	0.510	uc_Bacteria;uc_Bacteria;uc_Bacteria	-_cellular organisms;d_Bacteria
k141_35791	1	no rank	root	6	6	6	1.000	unknown;unknown;unknown	-_root
k141_38928	1	no rank	root	3	2	2	1.000	unknown;unknown;unknown	-_root
k141_42659	2	superkingdom	Bacteria	3	2	2	1.000	uc_Bacteria;uc_Bacteria;uc_Bacteria	-_cellular organisms;d_Bacteria
k141_2762	2	superkingdom	Bacteria	8	6	5	0.750	uc_Bacteria;uc_Bacteria;uc_Bacteria	-_cellular organisms;d_Bacteria
k141_5321	80840	order	Burkholderiales	5	5	4	0.980	unknown;Proteobacteria;uc_Burkholderiales	-_cellular organisms;d_Bacteria;p_Proteobacteria;c_Betaproteobacteria;o_Burkholderiales
k141_29601	2	superkingdom	Bacteria	8	8	7	0.990	uc_Bacteria;uc_Bacteria;uc_Bacteria	-_cellular organisms;d_Bacteria
k141_5323	2	superkingdom	Bacteria	17	16	10	0.570	uc_Bacteria;uc_Bacteria;uc_Bacteria	-_cellular organisms;d_Bacteria
k141_2802	2	superkingdom	Bacteria	8	8	5	0.580	uc_Bacteria;uc_Bacteria;uc_Bacteria	-_cellular organisms;d_Bacteria
k141_28969	80840	order	Burkholderiales	3	3	2	0.670	unknown;Proteobacteria;uc_Burkholderiales	-_cellular organisms;d_Bacteria;p_Proteobacteria;c_Betaproteobacteria;o_Burkholderiales
k141_32453	71275	clade	rosids	10	9	5	0.510	Viridiplantae;Streptophyta;unknown	-_cellular organisms;d_Eukaryota;k_Viridiplantae;p_Streptophyta;-_Streptophytina;-_Embryophyta;-_Tracheophyta;-_Euphyllophyta;-_Spermatophyta;c_Magnoliopsida;-_Mesangiospermae;-_eudicotyledons;-_Gunneridae;-_Pentapetalae;-_rosids
k141_18415	2759	superkingdom	Eukaryota	12	8	4	0.500	uc_Eukaryota;uc_Eukaryota;uc_Eukaryota	-_cellular organisms;d_Eukaryota
k141_35298	1	no rank	root	10	9	9	1.000	unknown;unknown;unknown	-_root
k141_35299	2	superkingdom	Bacteria	8	8	5	0.710	uc_Bacteria;uc_Bacteria;uc_Bacteria	-_cellular organisms;d_Bacteria
k141_38589	2	superkingdom	Bacteria	6	6	5	0.680	uc_Bacteria;uc_Bacteria;uc_Bacteria	-_cellular organisms;d_Bacteria
k141_38594	2	superkingdom	Bacteria	4	4	3	0.750	uc_Bacteria;uc_Bacteria;uc_Bacteria	-_cellular organisms;d_Bacteria
k141_38610	2	superkingdom	Bacteria	5	4	4	1.000	uc_Bacteria;uc_Bacteria;uc_Bacteria	-_cellular organisms;d_Bacteria
k141_15962	2	superkingdom	Bacteria	7	7	5	0.670	uc_Bacteria;uc_Bacteria;uc_Bacteria	-_cellular organisms;d_Bacteria
k141_38637	131567	no rank	cellular organisms	6	3	3	1.000	unknown;unknown;unknown	-_cellular organisms
k141_35065	1224	phylum	Proteobacteria	5	4	2	0.500	unknown;Proteobacteria;uc_Proteobacteria	-_cellular organisms;d_Bacteria;p_Proteobacteria
k141_1849	1	no rank	root	6	6	6	1.000	unknown;unknown;unknown	-_root
k141_1852	1	no rank	root	4	4	4	1.000	unknown;unknown;unknown	-_root
k141_15708	1	no rank	root	8	6	6	1.000	unknown;unknown;unknown	-_root
k141_51427	2	superkingdom	Bacteria	17	15	9	0.500	uc_Bacteria;uc_Bacteria;uc_Bacteria	-_cellular organisms;d_Bacteria
k141_38365	2	superkingdom	Bacteria	10	9	7	0.820	uc_Bacteria;uc_Bacteria;uc_Bacteria	-_cellular organisms;d_Bacteria
k141_35112	28216	class	Betaproteobacteria	8	7	5	0.610	unknown;Proteobacteria;uc_Betaproteobacteria	-_cellular organisms;d_Bacteria;p_Proteobacteria;c_Betaproteobacteria
k141_12073	1224	phylum	Proteobacteria	8	8	5	0.660	unknown;Proteobacteria;uc_Proteobacteria	-_cellular organisms;d_Bacteria;p_Proteobacteria
k141_15754	80840	order	Burkholderiales	9	7	3	0.580	unknown;Proteobacteria;uc_Burkholderiales	-_cellular organisms;d_Bacteria;p_Proteobacteria;c_Betaproteobacteria;o_Burkholderiales
k141_15778	1224	phylum	Proteobacteria	4	4	2	0.500	unknown;Proteobacteria;uc_Proteobacteria	-_cellular organisms;d_Bacteria;p_Proteobacteria
k141_33875	1	no rank	root	11	8	8	1.000	unknown;unknown;unknown	-_root
k141_40792	1224	phylum	Proteobacteria	18	15	10	0.640	unknown;Proteobacteria;uc_Proteobacteria	-_cellular organisms;d_Bacteria;p_Proteobacteria
k141_50499	287	species	Pseudomonas aeruginosa	2	2	1	0.500	unknown;Proteobacteria;Pseudomonadaceae	-_cellular organisms;d_Bacteria;p_Proteobacteria;c_Gammaproteobacteria;o_Pseudomonadales;f_Pseudomonadaceae;g_Pseudomonas;-_Pseudomonas aeruginosa group;s_Pseudomonas aeruginosa
k141_7078	80840	order	Burkholderiales	3	3	2	0.670	unknown;Proteobacteria;uc_Burkholderiales	-_cellular organisms;d_Bacteria;p_Proteobacteria;c_Betaproteobacteria;o_Burkholderiales
k141_1255	305	species	Ralstonia solanacearum	4	2	1	0.500	unknown;Proteobacteria;Burkholderiaceae	-_cellular organisms;d_Bacteria;p_Proteobacteria;c_Betaproteobacteria;o_Burkholderiales;f_Burkholderiaceae;g_Ralstonia;s_Ralstonia solanacearum
k141_21433	1	no rank	root	3	3	3	1.000	unknown;unknown;unknown	-_root
k141_31283	1	no rank	root	7	6	6	1.000	unknown;unknown;unknown	-_root
k141_4513	2	superkingdom	Bacteria	8	7	5	0.670	uc_Bacteria;uc_Bacteria;uc_Bacteria	-_cellular organisms;d_Bacteria
k141_50525	1	no rank	root	8	7	7	1.000	unknown;unknown;unknown	-_root
k141_21454	2	superkingdom	Bacteria	7	7	4	0.590	uc_Bacteria;uc_Bacteria;uc_Bacteria	-_cellular organisms;d_Bacteria
k141_51130	131567	no rank	cellular organisms	4	3	3	1.000	unknown;unknown;unknown	-_cellular organisms
k141_17667	2	superkingdom	Bacteria	9	9	9	1.000	uc_Bacteria;uc_Bacteria;uc_Bacteria	-_cellular organisms;d_Bacteria
k141_25455	2	superkingdom	Bacteria	4	4	4	1.000	uc_Bacteria;uc_Bacteria;uc_Bacteria	-_cellular organisms;d_Bacteria
k141_25486	2	superkingdom	Bacteria	8	8	5	0.670	uc_Bacteria;uc_Bacteria;uc_Bacteria	-_cellular organisms;d_Bacteria
k141_34576	1224	phylum	Proteobacteria	6	5	4	0.520	unknown;Proteobacteria;uc_Proteobacteria	-_cellular organisms;d_Bacteria;p_Proteobacteria
k141_34577	1	no rank	root	5	4	4	1.000	unknown;unknown;unknown	-_root
k141_34603	2759	superkingdom	Eukaryota	6	5	3	0.600	uc_Eukaryota;uc_Eukaryota;uc_Eukaryota	-_cellular organisms;d_Eukaryota
k141_17751	2	superkingdom	Bacteria	10	10	7	0.630	uc_Bacteria;uc_Bacteria;uc_Bacteria	-_cellular organisms;d_Bacteria
k141_4855	1224	phylum	Proteobacteria	6	6	3	0.590	unknown;Proteobacteria;uc_Proteobacteria	-_cellular organisms;d_Bacteria;p_Proteobacteria
k141_44902	1224	phylum	Proteobacteria	5	4	2	0.500	unknown;Proteobacteria;uc_Proteobacteria	-_cellular organisms;d_Bacteria;p_Proteobacteria
k141_34746	2	superkingdom	Bacteria	4	4	4	1.000	uc_Bacteria;uc_Bacteria;uc_Bacteria	-_cellular organisms;d_Bacteria
k141_17864	1224	phylum	Proteobacteria	7	6	5	0.760	unknown;Proteobacteria;uc_Proteobacteria	-_cellular organisms;d_Bacteria;p_Proteobacteria
k141_32087	1	no rank	root	11	10	10	1.000	unknown;unknown;unknown	-_root
k141_34752	80840	order	Burkholderiales	3	3	2	0.510	unknown;Proteobacteria;uc_Burkholderiales	-_cellular organisms;d_Bacteria;p_Proteobacteria;c_Betaproteobacteria;o_Burkholderiales
k141_32097	80840	order	Burkholderiales	5	5	4	0.800	unknown;Proteobacteria;uc_Burkholderiales	-_cellular organisms;d_Bacteria;p_Proteobacteria;c_Betaproteobacteria;o_Burkholderiales
k141_32103	2	superkingdom	Bacteria	5	4	4	1.000	uc_Bacteria;uc_Bacteria;uc_Bacteria	-_cellular organisms;d_Bacteria
k141_37684	2	superkingdom	Bacteria	7	7	4	0.730	uc_Bacteria;uc_Bacteria;uc_Bacteria	-_cellular organisms;d_Bacteria
k141_32113	2	superkingdom	Bacteria	3	3	3	1.000	uc_Bacteria;uc_Bacteria;uc_Bacteria	-_cellular organisms;d_Bacteria
k141_22209	80840	order	Burkholderiales	7	7	5	0.820	unknown;Proteobacteria;uc_Burkholderiales	-_cellular organisms;d_Bacteria;p_Proteobacteria;c_Betaproteobacteria;o_Burkholderiales
k141_37701	2	superkingdom	Bacteria	4	4	3	0.670	uc_Bacteria;uc_Bacteria;uc_Bacteria	-_cellular organisms;d_Bacteria
k141_40859	2	superkingdom	Bacteria	6	5	5	1.000	uc_Bacteria;uc_Bacteria;uc_Bacteria	-_cellular organisms;d_Bacteria
k141_21492	1224	phylum	Proteobacteria	9	8	5	0.500	unknown;Proteobacteria;uc_Proteobacteria	-_cellular organisms;d_Bacteria;p_Proteobacteria
k141_21493	2	superkingdom	Bacteria	1	1	1	1.000	uc_Bacteria;uc_Bacteria;uc_Bacteria	-_cellular organisms;d_Bacteria
k141_24901	1	no rank	root	3	3	3	1.000	unknown;unknown;unknown	-_root
k141_44269	1	no rank	root	8	7	7	1.000	unknown;unknown;unknown	-_root
k141_46958	1	no rank	root	6	6	6	1.000	unknown;unknown;unknown	-_root
k141_50672	2	superkingdom	Bacteria	10	10	6	0.600	uc_Bacteria;uc_Bacteria;uc_Bacteria	-_cellular organisms;d_Bacteria
k141_21580	2	superkingdom	Bacteria	6	5	3	0.500	uc_Bacteria;uc_Bacteria;uc_Bacteria	-_cellular organisms;d_Bacteria
k141_24935	2	superkingdom	Bacteria	10	10	8	0.780	uc_Bacteria;uc_Bacteria;uc_Bacteria	-_cellular organisms;d_Bacteria
k141_40962	1	no rank	root	3	3	3	1.000	unknown;unknown;unknown	-_root
k141_19804	80840	order	Burkholderiales	7	6	3	0.720	unknown;Proteobacteria;uc_Burkholderiales	-_cellular organisms;d_Bacteria;p_Proteobacteria;c_Betaproteobacteria;o_Burkholderiales
k141_6403	131567	no rank	cellular organisms	4	4	4	1.000	unknown;unknown;unknown	-_cellular organisms
k141_6427	1224	phylum	Proteobacteria	12	9	5	0.510	unknown;Proteobacteria;uc_Proteobacteria	-_cellular organisms;d_Bacteria;p_Proteobacteria
k141_9646	1	no rank	root	11	11	11	1.000	unknown;unknown;unknown	-_root
k141_9669	80865	genus	Delftia	6	5	3	0.500	unknown;Proteobacteria;Comamonadaceae	-_cellular organisms;d_Bacteria;p_Proteobacteria;c_Betaproteobacteria;o_Burkholderiales;f_Comamonadaceae;g_Delftia
k141_48694	1224	phylum	Proteobacteria	3	3	3	1.000	unknown;Proteobacteria;uc_Proteobacteria	-_cellular organisms;d_Bacteria;p_Proteobacteria
k141_48706	2	superkingdom	Bacteria	8	8	5	0.580	uc_Bacteria;uc_Bacteria;uc_Bacteria	-_cellular organisms;d_Bacteria
k141_9744	0	no rank	unclassified	1	0	0	0.000		
k141_48749	1224	phylum	Proteobacteria	4	4	2	0.500	unknown;Proteobacteria;uc_Proteobacteria	-_cellular organisms;d_Bacteria;p_Proteobacteria
k141_48830	1224	phylum	Proteobacteria	5	5	4	0.750	unknown;Proteobacteria;uc_Proteobacteria	-_cellular organisms;d_Bacteria;p_Proteobacteria
k141_49949	1	no rank	root	8	7	7	1.000	unknown;unknown;unknown	-_root
k141_46537	2	superkingdom	Bacteria	4	3	2	0.670	uc_Bacteria;uc_Bacteria;uc_Bacteria	-_cellular organisms;d_Bacteria
k141_27199	2	superkingdom	Bacteria	4	3	3	1.000	uc_Bacteria;uc_Bacteria;uc_Bacteria	-_cellular organisms;d_Bacteria
k141_27256	1	no rank	root	14	11	11	1.000	unknown;unknown;unknown	-_root
k141_49995	2	superkingdom	Bacteria	5	5	3	0.500	uc_Bacteria;uc_Bacteria;uc_Bacteria	-_cellular organisms;d_Bacteria
k141_40567	1	no rank	root	13	11	11	1.000	unknown;unknown;unknown	-_root
k141_20963	2	superkingdom	Bacteria	4	4	2	0.500	uc_Bacteria;uc_Bacteria;uc_Bacteria	-_cellular organisms;d_Bacteria
k141_36870	2	superkingdom	Bacteria	5	5	4	0.760	uc_Bacteria;uc_Bacteria;uc_Bacteria	-_cellular organisms;d_Bacteria
k141_21026	1	no rank	root	8	6	6	1.000	unknown;unknown;unknown	-_root
k141_10684	1	no rank	root	7	7	7	1.000	unknown;unknown;unknown	-_root
k141_22212	1224	phylum	Proteobacteria	4	4	3	0.750	unknown;Proteobacteria;uc_Proteobacteria	-_cellular organisms;d_Bacteria;p_Proteobacteria
k141_22246	2	superkingdom	Bacteria	5	4	4	1.000	uc_Bacteria;uc_Bacteria;uc_Bacteria	-_cellular organisms;d_Bacteria
k141_17944	1224	phylum	Proteobacteria	14	11	8	0.520	unknown;Proteobacteria;uc_Proteobacteria	-_cellular organisms;d_Bacteria;p_Proteobacteria
k141_25674	80840	order	Burkholderiales	5	5	3	0.600	unknown;Proteobacteria;uc_Burkholderiales	-_cellular organisms;d_Bacteria;p_Proteobacteria;c_Betaproteobacteria;o_Burkholderiales
k141_22271	1	no rank	root	4	3	3	1.000	unknown;unknown;unknown	-_root
k141_17967	2	superkingdom	Bacteria	5	5	5	1.000	uc_Bacteria;uc_Bacteria;uc_Bacteria	-_cellular organisms;d_Bacteria
k141_15389	2	superkingdom	Bacteria	3	3	3	1.000	uc_Bacteria;uc_Bacteria;uc_Bacteria	-_cellular organisms;d_Bacteria
k141_37751	1	no rank	root	5	3	3	1.000	unknown;unknown;unknown	-_root
k141_18003	2	superkingdom	Bacteria	7	6	3	0.590	uc_Bacteria;uc_Bacteria;uc_Bacteria	-_cellular organisms;d_Bacteria
k141_41833	1224	phylum	Proteobacteria	9	9	6	0.580	unknown;Proteobacteria;uc_Proteobacteria	-_cellular organisms;d_Bacteria;p_Proteobacteria
k141_13955	80840	order	Burkholderiales	4	4	2	0.650	unknown;Proteobacteria;uc_Burkholderiales	-_cellular organisms;d_Bacteria;p_Proteobacteria;c_Betaproteobacteria;o_Burkholderiales
k141_36781	1224	phylum	Proteobacteria	7	6	4	0.600	unknown;Proteobacteria;uc_Proteobacteria	-_cellular organisms;d_Bacteria;p_Proteobacteria
k141_27106	1224	phylum	Proteobacteria	7	6	4	0.600	unknown;Proteobacteria;uc_Proteobacteria	-_cellular organisms;d_Bacteria;p_Proteobacteria
k141_27122	1	no rank	root	4	3	3	1.000	unknown;unknown;unknown	-_root
k141_20846	2	superkingdom	Bacteria	7	5	5	1.000	uc_Bacteria;uc_Bacteria;uc_Bacteria	-_cellular organisms;d_Bacteria
k141_27134	2	superkingdom	Bacteria	12	12	9	0.580	uc_Bacteria;uc_Bacteria;uc_Bacteria	-_cellular organisms;d_Bacteria
k141_14041	1224	phylum	Proteobacteria	10	8	5	0.510	unknown;Proteobacteria;uc_Proteobacteria	-_cellular organisms;d_Bacteria;p_Proteobacteria
k141_931	1	no rank	root	19	12	12	1.000	unknown;unknown;unknown	-_root
k141_941	2	superkingdom	Bacteria	4	4	2	0.500	uc_Bacteria;uc_Bacteria;uc_Bacteria	-_cellular organisms;d_Bacteria
k141_46483	2	superkingdom	Bacteria	4	3	2	0.670	uc_Bacteria;uc_Bacteria;uc_Bacteria	-_cellular organisms;d_Bacteria
k141_47119	1	no rank	root	5	5	5	1.000	unknown;unknown;unknown	-_root
k141_11331	2	superkingdom	Bacteria	3	2	2	1.000	uc_Bacteria;uc_Bacteria;uc_Bacteria	-_cellular organisms;d_Bacteria
k141_21968	2	superkingdom	Bacteria	7	7	4	0.570	uc_Bacteria;uc_Bacteria;uc_Bacteria	-_cellular organisms;d_Bacteria
k141_51040	28216	class	Betaproteobacteria	10	7	4	0.500	unknown;Proteobacteria;uc_Betaproteobacteria	-_cellular organisms;d_Bacteria;p_Proteobacteria;c_Betaproteobacteria
k141_15066	1	no rank	root	19	18	18	1.000	unknown;unknown;unknown	-_root
k141_1594	2	superkingdom	Bacteria	8	6	4	0.510	uc_Bacteria;uc_Bacteria;uc_Bacteria	-_cellular organisms;d_Bacteria
k141_15101	80840	order	Burkholderiales	6	5	5	1.000	unknown;Proteobacteria;uc_Burkholderiales	-_cellular organisms;d_Bacteria;p_Proteobacteria;c_Betaproteobacteria;o_Burkholderiales
k141_17576	1224	phylum	Proteobacteria	7	7	5	0.670	unknown;Proteobacteria;uc_Proteobacteria	-_cellular organisms;d_Bacteria;p_Proteobacteria
k141_44774	1	no rank	root	5	3	3	1.000	unknown;unknown;unknown	-_root
k141_44793	2	superkingdom	Bacteria	14	11	7	0.660	uc_Bacteria;uc_Bacteria;uc_Bacteria	-_cellular organisms;d_Bacteria
k141_41350	2	superkingdom	Bacteria	7	6	5	0.680	uc_Bacteria;uc_Bacteria;uc_Bacteria	-_cellular organisms;d_Bacteria
k141_41357	1	no rank	root	8	7	7	1.000	unknown;unknown;unknown	-_root
k141_21928	1224	phylum	Proteobacteria	6	6	4	0.670	unknown;Proteobacteria;uc_Proteobacteria	-_cellular organisms;d_Bacteria;p_Proteobacteria
k141_44694	80840	order	Burkholderiales	5	5	3	0.510	unknown;Proteobacteria;uc_Burkholderiales	-_cellular organisms;d_Bacteria;p_Proteobacteria;c_Betaproteobacteria;o_Burkholderiales
k141_50961	2	superkingdom	Bacteria	9	8	5	0.570	uc_Bacteria;uc_Bacteria;uc_Bacteria	-_cellular organisms;d_Bacteria
k141_25302	1224	phylum	Proteobacteria	11	9	5	0.510	unknown;Proteobacteria;uc_Proteobacteria	-_cellular organisms;d_Bacteria;p_Proteobacteria
k141_21936	2	superkingdom	Bacteria	15	12	9	0.630	uc_Bacteria;uc_Bacteria;uc_Bacteria	-_cellular organisms;d_Bacteria
k141_11310	1	no rank	root	17	16	16	1.000	unknown;unknown;unknown	-_root
k141_17485	80840	order	Burkholderiales	12	10	7	0.580	unknown;Proteobacteria;uc_Burkholderiales	-_cellular organisms;d_Bacteria;p_Proteobacteria;c_Betaproteobacteria;o_Burkholderiales
k141_44724	2	superkingdom	Bacteria	8	5	4	0.680	uc_Bacteria;uc_Bacteria;uc_Bacteria	-_cellular organisms;d_Bacteria
k141_16838	1	no rank	root	3	3	3	1.000	unknown;unknown;unknown	-_root
k141_30679	2	superkingdom	Bacteria	16	13	10	0.590	uc_Bacteria;uc_Bacteria;uc_Bacteria	-_cellular organisms;d_Bacteria
k141_23732	2	superkingdom	Bacteria	3	3	3	1.000	uc_Bacteria;uc_Bacteria;uc_Bacteria	-_cellular organisms;d_Bacteria
k141_40237	2	superkingdom	Bacteria	4	4	3	0.750	uc_Bacteria;uc_Bacteria;uc_Bacteria	-_cellular organisms;d_Bacteria
k141_10327	1	no rank	root	7	6	6	1.000	unknown;unknown;unknown	-_root
k141_26730	1224	phylum	Proteobacteria	14	12	6	0.590	unknown;Proteobacteria;uc_Proteobacteria	-_cellular organisms;d_Bacteria;p_Proteobacteria
k141_36648	1	no rank	root	11	10	10	1.000	unknown;unknown;unknown	-_root
k141_36682	1224	phylum	Proteobacteria	3	3	2	0.670	unknown;Proteobacteria;uc_Proteobacteria	-_cellular organisms;d_Bacteria;p_Proteobacteria
k141_20515	1224	phylum	Proteobacteria	2	2	1	0.500	unknown;Proteobacteria;uc_Proteobacteria	-_cellular organisms;d_Bacteria;p_Proteobacteria
k141_20524	2	superkingdom	Bacteria	6	5	4	0.750	uc_Bacteria;uc_Bacteria;uc_Bacteria	-_cellular organisms;d_Bacteria
k141_26416	80840	order	Burkholderiales	7	7	5	0.510	unknown;Proteobacteria;uc_Burkholderiales	-_cellular organisms;d_Bacteria;p_Proteobacteria;c_Betaproteobacteria;o_Burkholderiales
k141_42933	2	superkingdom	Bacteria	4	4	2	0.500	uc_Bacteria;uc_Bacteria;uc_Bacteria	-_cellular organisms;d_Bacteria
k141_26439	1	no rank	root	6	6	6	1.000	unknown;unknown;unknown	-_root
k141_42952	1224	phylum	Proteobacteria	6	5	4	0.800	unknown;Proteobacteria;uc_Proteobacteria	-_cellular organisms;d_Bacteria;p_Proteobacteria
k141_26446	1	no rank	root	5	4	4	1.000	unknown;unknown;unknown	-_root
k141_13241	2	superkingdom	Bacteria	10	10	7	0.580	uc_Bacteria;uc_Bacteria;uc_Bacteria	-_cellular organisms;d_Bacteria
k141_13269	2	superkingdom	Bacteria	5	5	2	0.630	uc_Bacteria;uc_Bacteria;uc_Bacteria	-_cellular organisms;d_Bacteria
k141_6633	2	superkingdom	Bacteria	6	6	4	0.610	uc_Bacteria;uc_Bacteria;uc_Bacteria	-_cellular organisms;d_Bacteria
k141_13302	2	superkingdom	Bacteria	9	9	6	0.510	uc_Bacteria;uc_Bacteria;uc_Bacteria	-_cellular organisms;d_Bacteria
k141_39680	2	superkingdom	Bacteria	11	11	7	0.560	uc_Bacteria;uc_Bacteria;uc_Bacteria	-_cellular organisms;d_Bacteria
k141_51995	1	no rank	root	17	16	16	1.000	unknown;unknown;unknown	-_root
k141_45534	1	no rank	root	9	8	8	1.000	unknown;unknown;unknown	-_root
k141_12673	2	superkingdom	Bacteria	15	14	10	0.710	uc_Bacteria;uc_Bacteria;uc_Bacteria	-_cellular organisms;d_Bacteria
k141_38817	80840	order	Burkholderiales	6	5	3	0.510	unknown;Proteobacteria;uc_Burkholderiales	-_cellular organisms;d_Bacteria;p_Proteobacteria;c_Betaproteobacteria;o_Burkholderiales
k141_12690	2	superkingdom	Bacteria	3	3	2	0.670	uc_Bacteria;uc_Bacteria;uc_Bacteria	-_cellular organisms;d_Bacteria
k141_2578	1	no rank	root	10	9	9	1.000	unknown;unknown;unknown	-_root
k141_29470	2	superkingdom	Bacteria	5	4	2	0.500	uc_Bacteria;uc_Bacteria;uc_Bacteria	-_cellular organisms;d_Bacteria
k141_35730	80840	order	Burkholderiales	6	5	3	0.730	unknown;Proteobacteria;uc_Burkholderiales	-_cellular organisms;d_Bacteria;p_Proteobacteria;c_Betaproteobacteria;o_Burkholderiales
k141_29501	2	superkingdom	Bacteria	6	4	3	0.750	uc_Bacteria;uc_Bacteria;uc_Bacteria	-_cellular organisms;d_Bacteria
k141_35734	2	superkingdom	Bacteria	17	13	10	0.670	uc_Bacteria;uc_Bacteria;uc_Bacteria	-_cellular organisms;d_Bacteria
k141_46627	2	superkingdom	Bacteria	4	4	2	0.500	uc_Bacteria;uc_Bacteria;uc_Bacteria	-_cellular organisms;d_Bacteria
k141_50085	1	no rank	root	9	9	9	1.000	unknown;unknown;unknown	-_root
k141_33647	2	superkingdom	Bacteria	9	8	6	0.610	uc_Bacteria;uc_Bacteria;uc_Bacteria	-_cellular organisms;d_Bacteria
k141_24331	2	superkingdom	Bacteria	6	6	5	0.800	uc_Bacteria;uc_Bacteria;uc_Bacteria	-_cellular organisms;d_Bacteria
k141_33690	180282	species	Delftia tsuruhatensis	6	6	3	0.500	unknown;Proteobacteria;Comamonadaceae	-_cellular organisms;d_Bacteria;p_Proteobacteria;c_Betaproteobacteria;o_Burkholderiales;f_Comamonadaceae;g_Delftia;s_Delftia tsuruhatensis
k141_33704	2	superkingdom	Bacteria	15	13	11	0.820	uc_Bacteria;uc_Bacteria;uc_Bacteria	-_cellular organisms;d_Bacteria
k141_43750	2	superkingdom	Bacteria	4	4	3	0.750	uc_Bacteria;uc_Bacteria;uc_Bacteria	-_cellular organisms;d_Bacteria
k141_14170	1224	phylum	Proteobacteria	20	19	12	0.580	unknown;Proteobacteria;uc_Proteobacteria	-_cellular organisms;d_Bacteria;p_Proteobacteria
k141_14193	2487887	species	Pseudomonas sp. KU43P	4	4	2	0.500	unknown;Proteobacteria;Pseudomonadaceae	-_cellular organisms;d_Bacteria;p_Proteobacteria;c_Gammaproteobacteria;o_Pseudomonadales;f_Pseudomonadaceae;g_Pseudomonas;-_unclassified Pseudomonas;s_Pseudomonas sp. KU43P
k141_36917	1224	phylum	Proteobacteria	6	6	3	0.510	unknown;Proteobacteria;uc_Proteobacteria	-_cellular organisms;d_Bacteria;p_Proteobacteria
k141_29103	1	no rank	root	7	4	4	1.000	unknown;unknown;unknown	-_root
k141_22868	1	no rank	root	5	5	5	1.000	unknown;unknown;unknown	-_root
k141_12307	2	superkingdom	Bacteria	6	4	2	0.500	uc_Bacteria;uc_Bacteria;uc_Bacteria	-_cellular organisms;d_Bacteria
k141_51697	2	superkingdom	Bacteria	19	17	10	0.680	uc_Bacteria;uc_Bacteria;uc_Bacteria	-_cellular organisms;d_Bacteria
k141_45312	1	no rank	root	6	5	5	1.000	unknown;unknown;unknown	-_root
k141_29161	2	superkingdom	Bacteria	7	6	3	0.500	uc_Bacteria;uc_Bacteria;uc_Bacteria	-_cellular organisms;d_Bacteria
k141_22893	2	superkingdom	Bacteria	11	10	9	0.880	uc_Bacteria;uc_Bacteria;uc_Bacteria	-_cellular organisms;d_Bacteria
k141_29170	1224	phylum	Proteobacteria	4	4	2	0.500	unknown;Proteobacteria;uc_Proteobacteria	-_cellular organisms;d_Bacteria;p_Proteobacteria
k141_32751	80840	order	Burkholderiales	4	2	1	0.500	unknown;Proteobacteria;uc_Burkholderiales	-_cellular organisms;d_Bacteria;p_Proteobacteria;c_Betaproteobacteria;o_Burkholderiales
k141_42368	1	no rank	root	4	4	4	1.000	unknown;unknown;unknown	-_root
k141_64	80840	order	Burkholderiales	7	7	4	0.570	unknown;Proteobacteria;uc_Burkholderiales	-_cellular organisms;d_Bacteria;p_Proteobacteria;c_Betaproteobacteria;o_Burkholderiales
k141_29856	2	superkingdom	Bacteria	4	4	4	1.000	uc_Bacteria;uc_Bacteria;uc_Bacteria	-_cellular organisms;d_Bacteria
k141_29869	1224	phylum	Proteobacteria	5	5	3	0.730	unknown;Proteobacteria;uc_Proteobacteria	-_cellular organisms;d_Bacteria;p_Proteobacteria
k141_3378	2	superkingdom	Bacteria	10	10	5	0.610	uc_Bacteria;uc_Bacteria;uc_Bacteria	-_cellular organisms;d_Bacteria
k141_19892	1	no rank	root	4	4	4	1.000	unknown;unknown;unknown	-_root
k141_6696	2	superkingdom	Bacteria	6	5	4	0.750	uc_Bacteria;uc_Bacteria;uc_Bacteria	-_cellular organisms;d_Bacteria
k141_36390	1224	phylum	Proteobacteria	6	5	4	0.680	unknown;Proteobacteria;uc_Proteobacteria	-_cellular organisms;d_Bacteria;p_Proteobacteria
k141_26514	2	superkingdom	Bacteria	1	1	1	1.000	uc_Bacteria;uc_Bacteria;uc_Bacteria	-_cellular organisms;d_Bacteria
k141_36405	1	no rank	root	10	9	9	1.000	unknown;unknown;unknown	-_root
k141_39699	2	superkingdom	Bacteria	5	5	3	0.510	uc_Bacteria;uc_Bacteria;uc_Bacteria	-_cellular organisms;d_Bacteria
k141_3808	1224	phylum	Proteobacteria	6	6	4	0.520	unknown;Proteobacteria;uc_Proteobacteria	-_cellular organisms;d_Bacteria;p_Proteobacteria
k141_16764	1224	phylum	Proteobacteria	9	9	5	0.510	unknown;Proteobacteria;uc_Proteobacteria	-_cellular organisms;d_Bacteria;p_Proteobacteria
k141_23587	2	superkingdom	Bacteria	5	4	2	0.500	uc_Bacteria;uc_Bacteria;uc_Bacteria	-_cellular organisms;d_Bacteria
k141_13725	1	no rank	root	3	3	3	1.000	unknown;unknown;unknown	-_root
k141_20172	1224	phylum	Proteobacteria	4	4	3	0.750	unknown;Proteobacteria;uc_Proteobacteria	-_cellular organisms;d_Bacteria;p_Proteobacteria
k141_16772	1437201	clade	Pentapetalae	7	7	3	0.580	Viridiplantae;Streptophyta;unknown	-_cellular organisms;d_Eukaryota;k_Viridiplantae;p_Streptophyta;-_Streptophytina;-_Embryophyta;-_Tracheophyta;-_Euphyllophyta;-_Spermatophyta;c_Magnoliopsida;-_Mesangiospermae;-_eudicotyledons;-_Gunneridae;-_Pentapetalae
k141_13756	2	superkingdom	Bacteria	14	12	7	0.500	uc_Bacteria;uc_Bacteria;uc_Bacteria	-_cellular organisms;d_Bacteria
k141_20241	1339242	species	Delftia sp. ZNC0008	4	2	1	0.500	unknown;Proteobacteria;Comamonadaceae	-_cellular organisms;d_Bacteria;p_Proteobacteria;c_Betaproteobacteria;o_Burkholderiales;f_Comamonadaceae;g_Delftia;-_unclassified Delftia;s_Delftia sp. ZNC0008
k141_40083	1224	phylum	Proteobacteria	7	6	4	0.600	unknown;Proteobacteria;uc_Proteobacteria	-_cellular organisms;d_Bacteria;p_Proteobacteria
k141_40091	80864	family	Comamonadaceae	5	5	5	1.000	unknown;Proteobacteria;Comamonadaceae	-_cellular organisms;d_Bacteria;p_Proteobacteria;c_Betaproteobacteria;o_Burkholderiales;f_Comamonadaceae
k141_535	2	superkingdom	Bacteria	13	12	6	0.540	uc_Bacteria;uc_Bacteria;uc_Bacteria	-_cellular organisms;d_Bacteria
k141_43304	1224	phylum	Proteobacteria	8	8	5	0.510	unknown;Proteobacteria;uc_Proteobacteria	-_cellular organisms;d_Bacteria;p_Proteobacteria
k141_43311	1	no rank	root	8	5	5	1.000	unknown;unknown;unknown	-_root
k141_43338	1224	phylum	Proteobacteria	10	7	4	0.500	unknown;Proteobacteria;uc_Proteobacteria	-_cellular organisms;d_Bacteria;p_Proteobacteria
k141_13537	1165852	species	Melaminivora alkalimesophila	2	2	1	0.500	unknown;Proteobacteria;Comamonadaceae	-_cellular organisms;d_Bacteria;p_Proteobacteria;c_Betaproteobacteria;o_Burkholderiales;f_Comamonadaceae;g_Melaminivora;s_Melaminivora alkalimesophila
k141_30525	2	superkingdom	Bacteria	15	13	7	0.500	uc_Bacteria;uc_Bacteria;uc_Bacteria	-_cellular organisms;d_Bacteria
k141_13605	2	superkingdom	Bacteria	4	4	3	0.750	uc_Bacteria;uc_Bacteria;uc_Bacteria	-_cellular organisms;d_Bacteria
k141_612	2	superkingdom	Bacteria	4	4	3	0.750	uc_Bacteria;uc_Bacteria;uc_Bacteria	-_cellular organisms;d_Bacteria
k141_13690	1224	phylum	Proteobacteria	5	3	2	0.670	unknown;Proteobacteria;uc_Proteobacteria	-_cellular organisms;d_Bacteria;p_Proteobacteria
k141_30590	2	superkingdom	Bacteria	4	3	2	0.970	uc_Bacteria;uc_Bacteria;uc_Bacteria	-_cellular organisms;d_Bacteria
k141_13360	1224	phylum	Proteobacteria	5	4	2	0.500	unknown;Proteobacteria;uc_Proteobacteria	-_cellular organisms;d_Bacteria;p_Proteobacteria
k141_10003	80840	order	Burkholderiales	6	5	3	0.500	unknown;Proteobacteria;uc_Burkholderiales	-_cellular organisms;d_Bacteria;p_Proteobacteria;c_Betaproteobacteria;o_Burkholderiales
k141_39779	1	no rank	root	3	3	3	1.000	unknown;unknown;unknown	-_root
k141_23320	28216	class	Betaproteobacteria	14	9	5	0.510	unknown;Proteobacteria;uc_Betaproteobacteria	-_cellular organisms;d_Bacteria;p_Proteobacteria;c_Betaproteobacteria
k141_30090	1224	phylum	Proteobacteria	4	4	2	0.500	unknown;Proteobacteria;uc_Proteobacteria	-_cellular organisms;d_Bacteria;p_Proteobacteria
k141_39811	1	no rank	root	11	11	11	1.000	unknown;unknown;unknown	-_root
k141_3537	1	no rank	root	7	7	7	1.000	unknown;unknown;unknown	-_root
k141_13452	1	no rank	root	9	8	8	1.000	unknown;unknown;unknown	-_root
k141_3582	1	no rank	root	4	4	4	1.000	unknown;unknown;unknown	-_root
k141_363	2	superkingdom	Bacteria	26	21	13	0.600	uc_Bacteria;uc_Bacteria;uc_Bacteria	-_cellular organisms;d_Bacteria
k141_18742	2	superkingdom	Bacteria	10	9	6	0.580	uc_Bacteria;uc_Bacteria;uc_Bacteria	-_cellular organisms;d_Bacteria
k141_45426	2	superkingdom	Bacteria	5	5	3	0.600	uc_Bacteria;uc_Bacteria;uc_Bacteria	-_cellular organisms;d_Bacteria
k141_35492	1224	phylum	Proteobacteria	6	5	3	0.600	unknown;Proteobacteria;uc_Proteobacteria	-_cellular organisms;d_Bacteria;p_Proteobacteria
k141_38781	2	superkingdom	Bacteria	4	4	2	0.500	uc_Bacteria;uc_Bacteria;uc_Bacteria	-_cellular organisms;d_Bacteria
k141_22996	2	superkingdom	Bacteria	14	12	8	0.570	uc_Bacteria;uc_Bacteria;uc_Bacteria	-_cellular organisms;d_Bacteria
k141_22999	1	no rank	root	6	6	6	1.000	unknown;unknown;unknown	-_root
k141_45475	1	no rank	root	4	3	3	1.000	unknown;unknown;unknown	-_root
k141_45478	2	superkingdom	Bacteria	8	5	3	0.730	uc_Bacteria;uc_Bacteria;uc_Bacteria	-_cellular organisms;d_Bacteria
k141_45492	2	superkingdom	Bacteria	4	4	3	0.670	uc_Bacteria;uc_Bacteria;uc_Bacteria	-_cellular organisms;d_Bacteria
k141_45523	2	superkingdom	Bacteria	4	4	2	0.500	uc_Bacteria;uc_Bacteria;uc_Bacteria	-_cellular organisms;d_Bacteria
k141_30272	80840	order	Burkholderiales	10	6	4	0.600	unknown;Proteobacteria;uc_Burkholderiales	-_cellular organisms;d_Bacteria;p_Proteobacteria;c_Betaproteobacteria;o_Burkholderiales
k141_43190	2	superkingdom	Bacteria	4	3	3	1.000	uc_Bacteria;uc_Bacteria;uc_Bacteria	-_cellular organisms;d_Bacteria
k141_23390	1	no rank	root	11	9	9	1.000	unknown;unknown;unknown	-_root
k141_30404	2	superkingdom	Bacteria	5	4	3	0.670	uc_Bacteria;uc_Bacteria;uc_Bacteria	-_cellular organisms;d_Bacteria
k141_448	2759	superkingdom	Eukaryota	5	3	2	0.670	uc_Eukaryota;uc_Eukaryota;uc_Eukaryota	-_cellular organisms;d_Eukaryota
k141_43270	2	superkingdom	Bacteria	6	6	3	0.500	uc_Bacteria;uc_Bacteria;uc_Bacteria	-_cellular organisms;d_Bacteria
k141_23444	1224	phylum	Proteobacteria	8	7	5	0.610	unknown;Proteobacteria;uc_Proteobacteria	-_cellular organisms;d_Bacteria;p_Proteobacteria
k141_43272	1224	phylum	Proteobacteria	9	8	4	0.500	unknown;Proteobacteria;uc_Proteobacteria	-_cellular organisms;d_Bacteria;p_Proteobacteria
k141_26593	1224	phylum	Proteobacteria	8	8	5	0.510	unknown;Proteobacteria;uc_Proteobacteria	-_cellular organisms;d_Bacteria;p_Proteobacteria
k141_26595	80864	family	Comamonadaceae	4	4	2	0.660	unknown;Proteobacteria;Comamonadaceae	-_cellular organisms;d_Bacteria;p_Proteobacteria;c_Betaproteobacteria;o_Burkholderiales;f_Comamonadaceae
k141_29968	2	superkingdom	Bacteria	17	14	9	0.510	uc_Bacteria;uc_Bacteria;uc_Bacteria	-_cellular organisms;d_Bacteria
k141_33048	2	superkingdom	Bacteria	6	6	6	1.000	uc_Bacteria;uc_Bacteria;uc_Bacteria	-_cellular organisms;d_Bacteria
k141_43061	80840	order	Burkholderiales	8	7	5	0.610	unknown;Proteobacteria;uc_Burkholderiales	-_cellular organisms;d_Bacteria;p_Proteobacteria;c_Betaproteobacteria;o_Burkholderiales
k141_3434	2	superkingdom	Bacteria	11	9	7	0.780	uc_Bacteria;uc_Bacteria;uc_Bacteria	-_cellular organisms;d_Bacteria
k141_184	2	superkingdom	Bacteria	6	5	3	0.600	uc_Bacteria;uc_Bacteria;uc_Bacteria	-_cellular organisms;d_Bacteria
k141_36453	2	superkingdom	Bacteria	6	5	3	0.600	uc_Bacteria;uc_Bacteria;uc_Bacteria	-_cellular organisms;d_Bacteria
k141_36469	1224	phylum	Proteobacteria	6	5	3	0.510	unknown;Proteobacteria;uc_Proteobacteria	-_cellular organisms;d_Bacteria;p_Proteobacteria
k141_16619	1	no rank	root	4	4	4	1.000	unknown;unknown;unknown	-_root
k141_19940	28216	class	Betaproteobacteria	2	2	2	1.000	unknown;Proteobacteria;uc_Betaproteobacteria	-_cellular organisms;d_Bacteria;p_Proteobacteria;c_Betaproteobacteria
k141_39759	80864	family	Comamonadaceae	5	4	2	0.500	unknown;Proteobacteria;Comamonadaceae	-_cellular organisms;d_Bacteria;p_Proteobacteria;c_Betaproteobacteria;o_Burkholderiales;f_Comamonadaceae
k141_47593	2	superkingdom	Bacteria	5	5	3	0.510	uc_Bacteria;uc_Bacteria;uc_Bacteria	-_cellular organisms;d_Bacteria
k141_38647	80864	family	Comamonadaceae	6	5	3	0.670	unknown;Proteobacteria;Comamonadaceae	-_cellular organisms;d_Bacteria;p_Proteobacteria;c_Betaproteobacteria;o_Burkholderiales;f_Comamonadaceae
k141_38656	1224	phylum	Proteobacteria	4	4	2	0.500	unknown;Proteobacteria;uc_Proteobacteria	-_cellular organisms;d_Bacteria;p_Proteobacteria
k141_29060	1	no rank	root	5	4	4	1.000	unknown;unknown;unknown	-_root
k141_22808	2	superkingdom	Bacteria	6	6	4	0.610	uc_Bacteria;uc_Bacteria;uc_Bacteria	-_cellular organisms;d_Bacteria
k141_2028	2	superkingdom	Bacteria	9	8	5	0.580	uc_Bacteria;uc_Bacteria;uc_Bacteria	-_cellular organisms;d_Bacteria
k141_22829	2	superkingdom	Bacteria	7	6	5	0.760	uc_Bacteria;uc_Bacteria;uc_Bacteria	-_cellular organisms;d_Bacteria
k141_45261	80840	order	Burkholderiales	7	5	3	0.740	unknown;Proteobacteria;uc_Burkholderiales	-_cellular organisms;d_Bacteria;p_Proteobacteria;c_Betaproteobacteria;o_Burkholderiales
k141_51648	2	superkingdom	Bacteria	9	9	6	0.740	uc_Bacteria;uc_Bacteria;uc_Bacteria	-_cellular organisms;d_Bacteria
k141_8128	2	superkingdom	Bacteria	3	2	2	1.000	uc_Bacteria;uc_Bacteria;uc_Bacteria	-_cellular organisms;d_Bacteria
k141_6468	80840	order	Burkholderiales	3	3	2	0.670	unknown;Proteobacteria;uc_Burkholderiales	-_cellular organisms;d_Bacteria;p_Proteobacteria;c_Betaproteobacteria;o_Burkholderiales
k141_48952	2	superkingdom	Bacteria	4	4	3	0.750	uc_Bacteria;uc_Bacteria;uc_Bacteria	-_cellular organisms;d_Bacteria
k141_49373	2	superkingdom	Bacteria	4	4	2	0.500	uc_Bacteria;uc_Bacteria;uc_Bacteria	-_cellular organisms;d_Bacteria
k141_49413	2	superkingdom	Bacteria	7	5	4	0.750	uc_Bacteria;uc_Bacteria;uc_Bacteria	-_cellular organisms;d_Bacteria
k141_49420	1	no rank	root	14	12	12	1.000	unknown;unknown;unknown	-_root
k141_49508	2	superkingdom	Bacteria	4	4	2	0.500	uc_Bacteria;uc_Bacteria;uc_Bacteria	-_cellular organisms;d_Bacteria
k141_49517	2	superkingdom	Bacteria	6	6	5	0.800	uc_Bacteria;uc_Bacteria;uc_Bacteria	-_cellular organisms;d_Bacteria
k141_2812	1	no rank	root	6	6	6	1.000	unknown;unknown;unknown	-_root
k141_2820	80864	family	Comamonadaceae	4	3	2	0.670	unknown;Proteobacteria;Comamonadaceae	-_cellular organisms;d_Bacteria;p_Proteobacteria;c_Betaproteobacteria;o_Burkholderiales;f_Comamonadaceae
k141_16219	2	superkingdom	Bacteria	3	3	3	1.000	uc_Bacteria;uc_Bacteria;uc_Bacteria	-_cellular organisms;d_Bacteria
k141_52177	2	superkingdom	Bacteria	3	3	3	1.000	uc_Bacteria;uc_Bacteria;uc_Bacteria	-_cellular organisms;d_Bacteria
k141_29683	28216	class	Betaproteobacteria	6	6	3	0.510	unknown;Proteobacteria;uc_Betaproteobacteria	-_cellular organisms;d_Bacteria;p_Proteobacteria;c_Betaproteobacteria
k141_35915	1	no rank	root	11	10	10	1.000	unknown;unknown;unknown	-_root
k141_38996	1	no rank	root	4	4	4	1.000	unknown;unknown;unknown	-_root
k141_39001	1224	phylum	Proteobacteria	12	11	7	0.660	unknown;Proteobacteria;uc_Proteobacteria	-_cellular organisms;d_Bacteria;p_Proteobacteria
k141_39018	80840	order	Burkholderiales	4	3	2	0.670	unknown;Proteobacteria;uc_Burkholderiales	-_cellular organisms;d_Bacteria;p_Proteobacteria;c_Betaproteobacteria;o_Burkholderiales
k141_2934	1	no rank	root	5	5	5	1.000	unknown;unknown;unknown	-_root
k141_1431	2	superkingdom	Bacteria	5	5	4	0.800	uc_Bacteria;uc_Bacteria;uc_Bacteria	-_cellular organisms;d_Bacteria
k141_41169	1	no rank	root	6	5	5	1.000	unknown;unknown;unknown	-_root
k141_14846	80864	family	Comamonadaceae	5	5	3	0.510	unknown;Proteobacteria;Comamonadaceae	-_cellular organisms;d_Bacteria;p_Proteobacteria;c_Betaproteobacteria;o_Burkholderiales;f_Comamonadaceae
k141_41179	131567	no rank	cellular organisms	5	5	5	1.000	unknown;unknown;unknown	-_cellular organisms
k141_14886	2	superkingdom	Bacteria	4	3	2	0.670	uc_Bacteria;uc_Bacteria;uc_Bacteria	-_cellular organisms;d_Bacteria
k141_7411	2	superkingdom	Bacteria	6	6	5	0.830	uc_Bacteria;uc_Bacteria;uc_Bacteria	-_cellular organisms;d_Bacteria
k141_41222	80840	order	Burkholderiales	9	8	6	0.620	unknown;Proteobacteria;uc_Burkholderiales	-_cellular organisms;d_Bacteria;p_Proteobacteria;c_Betaproteobacteria;o_Burkholderiales
k141_50860	2	superkingdom	Bacteria	3	3	3	1.000	uc_Bacteria;uc_Bacteria;uc_Bacteria	-_cellular organisms;d_Bacteria
k141_41270	80864	family	Comamonadaceae	3	3	2	0.670	unknown;Proteobacteria;Comamonadaceae	-_cellular organisms;d_Bacteria;p_Proteobacteria;c_Betaproteobacteria;o_Burkholderiales;f_Comamonadaceae
k141_44623	119060	family	Burkholderiaceae	3	2	1	0.500	unknown;Proteobacteria;Burkholderiaceae	-_cellular organisms;d_Bacteria;p_Proteobacteria;c_Betaproteobacteria;o_Burkholderiales;f_Burkholderiaceae
k141_41648	2	superkingdom	Bacteria	2	2	1	0.500	uc_Bacteria;uc_Bacteria;uc_Bacteria	-_cellular organisms;d_Bacteria
k141_41665	1	no rank	root	4	4	4	1.000	unknown;unknown;unknown	-_root
k141_31975	2	superkingdom	Bacteria	14	11	9	0.800	uc_Bacteria;uc_Bacteria;uc_Bacteria	-_cellular organisms;d_Bacteria
k141_7696	1	no rank	root	12	11	11	1.000	unknown;unknown;unknown	-_root
k141_15332	1224	phylum	Proteobacteria	6	6	4	0.670	unknown;Proteobacteria;uc_Proteobacteria	-_cellular organisms;d_Bacteria;p_Proteobacteria
k141_17811	2	superkingdom	Bacteria	5	5	4	0.990	uc_Bacteria;uc_Bacteria;uc_Bacteria	-_cellular organisms;d_Bacteria
k141_25604	1	no rank	root	6	6	6	1.000	unknown;unknown;unknown	-_root
k141_34730	2	superkingdom	Bacteria	7	6	5	0.690	uc_Bacteria;uc_Bacteria;uc_Bacteria	-_cellular organisms;d_Bacteria
k141_7797	2	superkingdom	Bacteria	8	8	6	0.610	uc_Bacteria;uc_Bacteria;uc_Bacteria	-_cellular organisms;d_Bacteria
k141_28069	2	superkingdom	Bacteria	14	12	8	0.640	uc_Bacteria;uc_Bacteria;uc_Bacteria	-_cellular organisms;d_Bacteria
k141_27402	2	superkingdom	Bacteria	6	5	5	1.000	uc_Bacteria;uc_Bacteria;uc_Bacteria	-_cellular organisms;d_Bacteria
k141_50270	80840	order	Burkholderiales	8	8	6	0.800	unknown;Proteobacteria;uc_Burkholderiales	-_cellular organisms;d_Bacteria;p_Proteobacteria;c_Betaproteobacteria;o_Burkholderiales
k141_4246	80840	order	Burkholderiales	3	3	2	0.510	unknown;Proteobacteria;uc_Burkholderiales	-_cellular organisms;d_Bacteria;p_Proteobacteria;c_Betaproteobacteria;o_Burkholderiales
k141_27424	1224	phylum	Proteobacteria	5	4	3	0.680	unknown;Proteobacteria;uc_Proteobacteria	-_cellular organisms;d_Bacteria;p_Proteobacteria
k141_24495	1224	phylum	Proteobacteria	8	8	5	0.510	unknown;Proteobacteria;uc_Proteobacteria	-_cellular organisms;d_Bacteria;p_Proteobacteria
k141_21161	2	superkingdom	Bacteria	5	5	3	0.730	uc_Bacteria;uc_Bacteria;uc_Bacteria	-_cellular organisms;d_Bacteria
k141_4299	1224	phylum	Proteobacteria	14	13	7	0.500	unknown;Proteobacteria;uc_Proteobacteria	-_cellular organisms;d_Bacteria;p_Proteobacteria
k141_1054	1	no rank	root	5	5	5	1.000	unknown;unknown;unknown	-_root
k141_43883	2	superkingdom	Bacteria	8	7	5	0.610	uc_Bacteria;uc_Bacteria;uc_Bacteria	-_cellular organisms;d_Bacteria
k141_27617	1	no rank	root	9	8	8	1.000	unknown;unknown;unknown	-_root
k141_34616	2	superkingdom	Bacteria	5	4	2	0.500	uc_Bacteria;uc_Bacteria;uc_Bacteria	-_cellular organisms;d_Bacteria
k141_7627	1224	phylum	Proteobacteria	5	5	3	0.510	unknown;Proteobacteria;uc_Proteobacteria	-_cellular organisms;d_Bacteria;p_Proteobacteria
k141_1708	2069292	species	Abscondita terminalis	4	4	2	0.500	Metazoa;Arthropoda;Lampyridae	-_cellular organisms;d_Eukaryota;-_Opisthokonta;k_Metazoa;-_Eumetazoa;-_Bilateria;-_Protostomia;-_Ecdysozoa;-_Panarthropoda;p_Arthropoda;-_Mandibulata;-_Pancrustacea;-_Hexapoda;c_Insecta;-_Dicondylia;-_Pterygota;-_Neoptera;-_Endopterygota;o_Coleoptera;-_Polyphaga;-_Elateriformia;-_Elateroidea;f_Lampyridae;-_Luciolinae;g_Abscondita;s_Abscondita terminalis
k141_4873	1852926	species	Verrucomicrobia bacterium ADurb.Bin063	4	2	1	0.500	unknown;Verrucomicrobia;unknown	-_cellular organisms;d_Bacteria;-_PVC group;p_Verrucomicrobia;-_unclassified Verrucomicrobia;s_Verrucomicrobia bacterium ADurb.Bin063
k141_25552	2	superkingdom	Bacteria	5	5	5	1.000	uc_Bacteria;uc_Bacteria;uc_Bacteria	-_cellular organisms;d_Bacteria
k141_41583	80840	order	Burkholderiales	9	9	6	0.670	unknown;Proteobacteria;uc_Burkholderiales	-_cellular organisms;d_Bacteria;p_Proteobacteria;c_Betaproteobacteria;o_Burkholderiales
k141_34716	3988	species	Ricinus communis	5	4	2	0.500	Viridiplantae;Streptophyta;Euphorbiaceae	-_cellular organisms;d_Eukaryota;k_Viridiplantae;p_Streptophyta;-_Streptophytina;-_Embryophyta;-_Tracheophyta;-_Euphyllophyta;-_Spermatophyta;c_Magnoliopsida;-_Mesangiospermae;-_eudicotyledons;-_Gunneridae;-_Pentapetalae;-_rosids;-_fabids;o_Malpighiales;f_Euphorbiaceae;-_Acalyphoideae;-_Acalypheae;g_Ricinus;s_Ricinus communis
k141_44929	2	superkingdom	Bacteria	8	7	6	0.840	uc_Bacteria;uc_Bacteria;uc_Bacteria	-_cellular organisms;d_Bacteria
k141_47181	2	superkingdom	Bacteria	7	7	6	0.810	uc_Bacteria;uc_Bacteria;uc_Bacteria	-_cellular organisms;d_Bacteria
k141_41624	1	no rank	root	13	12	12	1.000	unknown;unknown;unknown	-_root
k141_20584	2	superkingdom	Bacteria	11	8	6	0.620	uc_Bacteria;uc_Bacteria;uc_Bacteria	-_cellular organisms;d_Bacteria
k141_30867	1	no rank	root	6	6	6	1.000	unknown;unknown;unknown	-_root
k141_23816	80840	order	Burkholderiales	5	5	3	0.510	unknown;Proteobacteria;uc_Burkholderiales	-_cellular organisms;d_Bacteria;p_Proteobacteria;c_Betaproteobacteria;o_Burkholderiales
k141_23819	1224	phylum	Proteobacteria	7	7	5	0.520	unknown;Proteobacteria;uc_Proteobacteria	-_cellular organisms;d_Bacteria;p_Proteobacteria
k141_26801	28216	class	Betaproteobacteria	7	5	3	0.600	unknown;Proteobacteria;uc_Betaproteobacteria	-_cellular organisms;d_Bacteria;p_Proteobacteria;c_Betaproteobacteria
k141_26816	2	superkingdom	Bacteria	5	5	3	0.600	uc_Bacteria;uc_Bacteria;uc_Bacteria	-_cellular organisms;d_Bacteria
k141_26849	1	no rank	root	6	5	5	1.000	unknown;unknown;unknown	-_root
k141_26851	1	no rank	root	4	3	3	1.000	unknown;unknown;unknown	-_root
k141_20612	2	superkingdom	Bacteria	5	5	3	0.510	uc_Bacteria;uc_Bacteria;uc_Bacteria	-_cellular organisms;d_Bacteria
k141_23862	1	no rank	root	10	8	8	1.000	unknown;unknown;unknown	-_root
k141_33364	1	no rank	root	11	10	10	1.000	unknown;unknown;unknown	-_root
k141_36724	2	superkingdom	Bacteria	17	15	10	0.640	uc_Bacteria;uc_Bacteria;uc_Bacteria	-_cellular organisms;d_Bacteria
k141_10360	2069292	species	Abscondita terminalis	9	7	5	0.670	Metazoa;Arthropoda;Lampyridae	-_cellular organisms;d_Eukaryota;-_Opisthokonta;k_Metazoa;-_Eumetazoa;-_Bilateria;-_Protostomia;-_Ecdysozoa;-_Panarthropoda;p_Arthropoda;-_Mandibulata;-_Pancrustacea;-_Hexapoda;c_Insecta;-_Dicondylia;-_Pterygota;-_Neoptera;-_Endopterygota;o_Coleoptera;-_Polyphaga;-_Elateriformia;-_Elateroidea;f_Lampyridae;-_Luciolinae;g_Abscondita;s_Abscondita terminalis
k141_36743	2	superkingdom	Bacteria	4	3	2	0.670	uc_Bacteria;uc_Bacteria;uc_Bacteria	-_cellular organisms;d_Bacteria
k141_23966	2	superkingdom	Bacteria	3	3	2	0.670	uc_Bacteria;uc_Bacteria;uc_Bacteria	-_cellular organisms;d_Bacteria
k141_27017	2	superkingdom	Bacteria	4	3	2	0.670	uc_Bacteria;uc_Bacteria;uc_Bacteria	-_cellular organisms;d_Bacteria
k141_23987	1224	phylum	Proteobacteria	8	6	5	0.750	unknown;Proteobacteria;uc_Proteobacteria	-_cellular organisms;d_Bacteria;p_Proteobacteria
k141_27047	1	no rank	root	8	7	7	1.000	unknown;unknown;unknown	-_root
k141_17035	1224	phylum	Proteobacteria	12	11	7	0.600	unknown;Proteobacteria;uc_Proteobacteria	-_cellular organisms;d_Bacteria;p_Proteobacteria
k141_13951	131567	no rank	cellular organisms	7	4	4	1.000	unknown;unknown;unknown	-_cellular organisms
k141_5856	1	no rank	root	9	9	9	1.000	unknown;unknown;unknown	-_root
k141_19346	2	superkingdom	Bacteria	7	7	4	0.500	uc_Bacteria;uc_Bacteria;uc_Bacteria	-_cellular organisms;d_Bacteria
k141_8941	131567	no rank	cellular organisms	3	3	3	1.000	unknown;unknown;unknown	-_cellular organisms
k141_9157	2	superkingdom	Bacteria	5	5	4	0.680	uc_Bacteria;uc_Bacteria;uc_Bacteria	-_cellular organisms;d_Bacteria
k141_48352	2	superkingdom	Bacteria	7	7	4	0.570	uc_Bacteria;uc_Bacteria;uc_Bacteria	-_cellular organisms;d_Bacteria
k141_19661	1224	phylum	Proteobacteria	6	4	2	0.500	unknown;Proteobacteria;uc_Proteobacteria	-_cellular organisms;d_Bacteria;p_Proteobacteria
k141_9290	2	superkingdom	Bacteria	4	4	2	0.500	uc_Bacteria;uc_Bacteria;uc_Bacteria	-_cellular organisms;d_Bacteria
k141_6190	2	superkingdom	Bacteria	7	5	4	0.980	uc_Bacteria;uc_Bacteria;uc_Bacteria	-_cellular organisms;d_Bacteria
k141_9430	2	superkingdom	Bacteria	9	9	6	0.510	uc_Bacteria;uc_Bacteria;uc_Bacteria	-_cellular organisms;d_Bacteria
k141_9541	1	no rank	root	8	6	6	1.000	unknown;unknown;unknown	-_root
k141_12175	1	no rank	root	5	5	5	1.000	unknown;unknown;unknown	-_root
k141_26334	2	superkingdom	Bacteria	3	3	2	0.670	uc_Bacteria;uc_Bacteria;uc_Bacteria	-_cellular organisms;d_Bacteria
k141_38572	1	no rank	root	6	5	5	1.000	unknown;unknown;unknown	-_root
k141_35183	2	superkingdom	Bacteria	13	10	8	0.750	uc_Bacteria;uc_Bacteria;uc_Bacteria	-_cellular organisms;d_Bacteria
k141_28891	1	no rank	root	3	3	3	1.000	unknown;unknown;unknown	-_root
k141_8074	1	no rank	root	24	21	21	1.000	unknown;unknown;unknown	-_root
k141_32397	2	superkingdom	Bacteria	6	6	3	0.500	uc_Bacteria;uc_Bacteria;uc_Bacteria	-_cellular organisms;d_Bacteria
k141_18362	2	superkingdom	Bacteria	5	5	4	0.680	uc_Bacteria;uc_Bacteria;uc_Bacteria	-_cellular organisms;d_Bacteria
k141_26389	1	no rank	root	5	4	4	1.000	unknown;unknown;unknown	-_root
k141_28931	2	superkingdom	Bacteria	9	6	3	0.500	uc_Bacteria;uc_Bacteria;uc_Bacteria	-_cellular organisms;d_Bacteria
k141_45062	80865	genus	Delftia	3	3	2	0.510	unknown;Proteobacteria;Comamonadaceae	-_cellular organisms;d_Bacteria;p_Proteobacteria;c_Betaproteobacteria;o_Burkholderiales;f_Comamonadaceae;g_Delftia
k141_34918	2	superkingdom	Bacteria	5	5	3	0.600	uc_Bacteria;uc_Bacteria;uc_Bacteria	-_cellular organisms;d_Bacteria
k141_47335	1	no rank	root	6	5	5	1.000	unknown;unknown;unknown	-_root
k141_15470	1	no rank	root	5	5	5	1.000	unknown;unknown;unknown	-_root
k141_18179	1	no rank	root	9	8	8	1.000	unknown;unknown;unknown	-_root
k141_42064	2	superkingdom	Bacteria	7	6	4	0.600	uc_Bacteria;uc_Bacteria;uc_Bacteria	-_cellular organisms;d_Bacteria
k141_42080	1	no rank	root	6	6	6	1.000	unknown;unknown;unknown	-_root
k141_38006	80840	order	Burkholderiales	4	4	2	0.920	unknown;Proteobacteria;uc_Burkholderiales	-_cellular organisms;d_Bacteria;p_Proteobacteria;c_Betaproteobacteria;o_Burkholderiales
k141_38013	2	superkingdom	Bacteria	12	12	10	0.760	uc_Bacteria;uc_Bacteria;uc_Bacteria	-_cellular organisms;d_Bacteria
k141_22410	80864	family	Comamonadaceae	6	6	4	0.510	unknown;Proteobacteria;Comamonadaceae	-_cellular organisms;d_Bacteria;p_Proteobacteria;c_Betaproteobacteria;o_Burkholderiales;f_Comamonadaceae
k141_26010	1	no rank	root	16	12	12	1.000	unknown;unknown;unknown	-_root
k141_15632	2	superkingdom	Bacteria	5	5	3	0.600	uc_Bacteria;uc_Bacteria;uc_Bacteria	-_cellular organisms;d_Bacteria
k141_42222	2	superkingdom	Bacteria	6	6	3	0.650	uc_Bacteria;uc_Bacteria;uc_Bacteria	-_cellular organisms;d_Bacteria
k141_15656	1	no rank	root	7	6	6	1.000	unknown;unknown;unknown	-_root
k141_26080	80840	order	Burkholderiales	5	4	2	0.500	unknown;Proteobacteria;uc_Burkholderiales	-_cellular organisms;d_Bacteria;p_Proteobacteria;c_Betaproteobacteria;o_Burkholderiales
k141_32284	1	no rank	root	6	4	4	1.000	unknown;unknown;unknown	-_root
k141_26155	2	superkingdom	Bacteria	8	8	4	0.590	uc_Bacteria;uc_Bacteria;uc_Bacteria	-_cellular organisms;d_Bacteria
k141_15677	1	no rank	root	7	7	7	1.000	unknown;unknown;unknown	-_root
k141_22750	2	superkingdom	Bacteria	8	5	4	0.760	uc_Bacteria;uc_Bacteria;uc_Bacteria	-_cellular organisms;d_Bacteria
k141_38281	1224	phylum	Proteobacteria	8	7	6	0.800	unknown;Proteobacteria;uc_Proteobacteria	-_cellular organisms;d_Bacteria;p_Proteobacteria
k141_14754	1	no rank	root	8	8	8	1.000	unknown;unknown;unknown	-_root
k141_25021	80840	order	Burkholderiales	7	7	4	0.590	unknown;Proteobacteria;uc_Burkholderiales	-_cellular organisms;d_Bacteria;p_Proteobacteria;c_Betaproteobacteria;o_Burkholderiales
k141_14817	2	superkingdom	Bacteria	13	13	10	0.730	uc_Bacteria;uc_Bacteria;uc_Bacteria	-_cellular organisms;d_Bacteria
k141_17400	2	superkingdom	Bacteria	13	12	9	0.750	uc_Bacteria;uc_Bacteria;uc_Bacteria	-_cellular organisms;d_Bacteria
k141_31756	1224	phylum	Proteobacteria	5	5	3	0.600	unknown;Proteobacteria;uc_Proteobacteria	-_cellular organisms;d_Bacteria;p_Proteobacteria
k141_37346	1	no rank	root	12	11	11	1.000	unknown;unknown;unknown	-_root
k141_31826	1224	phylum	Proteobacteria	9	8	5	0.600	unknown;Proteobacteria;uc_Proteobacteria	-_cellular organisms;d_Bacteria;p_Proteobacteria
k141_1417	2	superkingdom	Bacteria	6	6	4	0.790	uc_Bacteria;uc_Bacteria;uc_Bacteria	-_cellular organisms;d_Bacteria
k141_21873	1	no rank	root	5	5	5	1.000	unknown;unknown;unknown	-_root
k141_31864	2	superkingdom	Bacteria	6	6	4	0.610	uc_Bacteria;uc_Bacteria;uc_Bacteria	-_cellular organisms;d_Bacteria
k141_5189	80840	order	Burkholderiales	6	5	3	0.740	unknown;Proteobacteria;uc_Burkholderiales	-_cellular organisms;d_Bacteria;p_Proteobacteria;c_Betaproteobacteria;o_Burkholderiales
k141_15787	80864	family	Comamonadaceae	4	4	2	0.500	unknown;Proteobacteria;Comamonadaceae	-_cellular organisms;d_Bacteria;p_Proteobacteria;c_Betaproteobacteria;o_Burkholderiales;f_Comamonadaceae
k141_42267	2	superkingdom	Bacteria	17	12	7	0.510	uc_Bacteria;uc_Bacteria;uc_Bacteria	-_cellular organisms;d_Bacteria
k141_38482	80840	order	Burkholderiales	6	6	4	0.520	unknown;Proteobacteria;uc_Burkholderiales	-_cellular organisms;d_Bacteria;p_Proteobacteria;c_Betaproteobacteria;o_Burkholderiales
k141_15793	2	superkingdom	Bacteria	3	3	3	1.000	uc_Bacteria;uc_Bacteria;uc_Bacteria	-_cellular organisms;d_Bacteria
k141_26290	2	superkingdom	Bacteria	4	3	3	1.000	uc_Bacteria;uc_Bacteria;uc_Bacteria	-_cellular organisms;d_Bacteria
k141_38501	2	superkingdom	Bacteria	7	6	6	1.000	uc_Bacteria;uc_Bacteria;uc_Bacteria	-_cellular organisms;d_Bacteria
k141_8031	1	no rank	root	12	10	10	1.000	unknown;unknown;unknown	-_root
k141_51547	1224	phylum	Proteobacteria	24	23	13	0.540	unknown;Proteobacteria;uc_Proteobacteria	-_cellular organisms;d_Bacteria;p_Proteobacteria
k141_38523	936133	strain	Cupriavidus gilardii J11	4	2	1	0.500	unknown;Proteobacteria;Burkholderiaceae	-_cellular organisms;d_Bacteria;p_Proteobacteria;c_Betaproteobacteria;o_Burkholderiales;f_Burkholderiaceae;g_Cupriavidus;s_Cupriavidus gilardii;-_Cupriavidus gilardii J11
k141_36946	1224	phylum	Proteobacteria	3	3	2	0.670	unknown;Proteobacteria;uc_Proteobacteria	-_cellular organisms;d_Bacteria;p_Proteobacteria
k141_33758	1	no rank	root	5	5	5	1.000	unknown;unknown;unknown	-_root
k141_40662	2	superkingdom	Bacteria	9	9	6	0.670	uc_Bacteria;uc_Bacteria;uc_Bacteria	-_cellular organisms;d_Bacteria
k141_21108	1	no rank	root	5	4	4	1.000	unknown;unknown;unknown	-_root
k141_1001	2	superkingdom	Bacteria	6	6	4	0.670	uc_Bacteria;uc_Bacteria;uc_Bacteria	-_cellular organisms;d_Bacteria
k141_40673	2	superkingdom	Bacteria	25	19	15	0.820	uc_Bacteria;uc_Bacteria;uc_Bacteria	-_cellular organisms;d_Bacteria
k141_21128	1	no rank	root	16	12	12	1.000	unknown;unknown;unknown	-_root
k141_43788	80864	family	Comamonadaceae	5	5	3	0.510	unknown;Proteobacteria;Comamonadaceae	-_cellular organisms;d_Bacteria;p_Proteobacteria;c_Betaproteobacteria;o_Burkholderiales;f_Comamonadaceae
k141_43790	1	no rank	root	4	4	4	1.000	unknown;unknown;unknown	-_root
k141_24437	180282	species	Delftia tsuruhatensis	5	4	2	0.500	unknown;Proteobacteria;Comamonadaceae	-_cellular organisms;d_Bacteria;p_Proteobacteria;c_Betaproteobacteria;o_Burkholderiales;f_Comamonadaceae;g_Delftia;s_Delftia tsuruhatensis
k141_21211	1224	phylum	Proteobacteria	6	5	3	0.510	unknown;Proteobacteria;uc_Proteobacteria	-_cellular organisms;d_Bacteria;p_Proteobacteria
k141_21258	1224	phylum	Proteobacteria	8	7	4	0.570	unknown;Proteobacteria;uc_Proteobacteria	-_cellular organisms;d_Bacteria;p_Proteobacteria
k141_43958	1224	phylum	Proteobacteria	5	5	4	0.670	unknown;Proteobacteria;uc_Proteobacteria	-_cellular organisms;d_Bacteria;p_Proteobacteria
k141_43959	1	no rank	root	5	4	4	1.000	unknown;unknown;unknown	-_root
k141_50350	80840	order	Burkholderiales	11	9	5	0.590	unknown;Proteobacteria;uc_Burkholderiales	-_cellular organisms;d_Bacteria;p_Proteobacteria;c_Betaproteobacteria;o_Burkholderiales
k141_21280	1	no rank	root	10	9	9	1.000	unknown;unknown;unknown	-_root
k141_14407	1	no rank	root	7	7	7	1.000	unknown;unknown;unknown	-_root
k141_14434	1	no rank	root	8	6	6	1.000	unknown;unknown;unknown	-_root
k141_14439	2	superkingdom	Bacteria	4	4	2	0.500	uc_Bacteria;uc_Bacteria;uc_Bacteria	-_cellular organisms;d_Bacteria
k141_21304	80840	order	Burkholderiales	4	4	3	0.680	unknown;Proteobacteria;uc_Burkholderiales	-_cellular organisms;d_Bacteria;p_Proteobacteria;c_Betaproteobacteria;o_Burkholderiales
k141_4535	80840	order	Burkholderiales	3	2	1	0.500	unknown;Proteobacteria;uc_Burkholderiales	-_cellular organisms;d_Bacteria;p_Proteobacteria;c_Betaproteobacteria;o_Burkholderiales
k141_27707	2	superkingdom	Bacteria	12	11	7	0.670	uc_Bacteria;uc_Bacteria;uc_Bacteria	-_cellular organisms;d_Bacteria
k141_17197	1	no rank	root	3	2	2	1.000	unknown;unknown;unknown	-_root
k141_21465	2	superkingdom	Bacteria	8	6	4	0.600	uc_Bacteria;uc_Bacteria;uc_Bacteria	-_cellular organisms;d_Bacteria
k141_31372	1	no rank	root	5	5	5	1.000	unknown;unknown;unknown	-_root
k141_50577	2	superkingdom	Bacteria	9	7	5	0.740	uc_Bacteria;uc_Bacteria;uc_Bacteria	-_cellular organisms;d_Bacteria
k141_31429	2	superkingdom	Bacteria	4	4	3	0.670	uc_Bacteria;uc_Bacteria;uc_Bacteria	-_cellular organisms;d_Bacteria
k141_46934	283	genus	Comamonas	7	4	1	0.870	unknown;Proteobacteria;Comamonadaceae	-_cellular organisms;d_Bacteria;p_Proteobacteria;c_Betaproteobacteria;o_Burkholderiales;f_Comamonadaceae;g_Comamonas
k141_33998	80864	family	Comamonadaceae	3	2	1	0.500	unknown;Proteobacteria;Comamonadaceae	-_cellular organisms;d_Bacteria;p_Proteobacteria;c_Betaproteobacteria;o_Burkholderiales;f_Comamonadaceae
k141_7141	2	superkingdom	Bacteria	8	8	5	0.660	uc_Bacteria;uc_Bacteria;uc_Bacteria	-_cellular organisms;d_Bacteria
k141_23058	80840	order	Burkholderiales	13	12	7	0.550	unknown;Proteobacteria;uc_Burkholderiales	-_cellular organisms;d_Bacteria;p_Proteobacteria;c_Betaproteobacteria;o_Burkholderiales
k141_19126	2	superkingdom	Bacteria	3	3	3	1.000	uc_Bacteria;uc_Bacteria;uc_Bacteria	-_cellular organisms;d_Bacteria
k141_52347	1	no rank	root	4	4	4	1.000	unknown;unknown;unknown	-_root
k141_39203	2	superkingdom	Bacteria	6	4	4	1.000	uc_Bacteria;uc_Bacteria;uc_Bacteria	-_cellular organisms;d_Bacteria
k141_5508	80840	order	Burkholderiales	6	6	4	0.610	unknown;Proteobacteria;uc_Burkholderiales	-_cellular organisms;d_Bacteria;p_Proteobacteria;c_Betaproteobacteria;o_Burkholderiales
k141_46109	2	superkingdom	Bacteria	4	4	3	0.680	uc_Bacteria;uc_Bacteria;uc_Bacteria	-_cellular organisms;d_Bacteria
k141_39304	1224	phylum	Proteobacteria	4	4	3	0.960	unknown;Proteobacteria;uc_Proteobacteria	-_cellular organisms;d_Bacteria;p_Proteobacteria
k141_46131	2	superkingdom	Bacteria	5	5	3	0.600	uc_Bacteria;uc_Bacteria;uc_Bacteria	-_cellular organisms;d_Bacteria
k141_19196	1	no rank	root	11	10	10	1.000	unknown;unknown;unknown	-_root
k141_39426	2	superkingdom	Bacteria	9	8	5	0.780	uc_Bacteria;uc_Bacteria;uc_Bacteria	-_cellular organisms;d_Bacteria
k141_45711	2	superkingdom	Bacteria	13	13	10	0.590	uc_Bacteria;uc_Bacteria;uc_Bacteria	-_cellular organisms;d_Bacteria
k141_45738	2	superkingdom	Bacteria	6	6	4	0.600	uc_Bacteria;uc_Bacteria;uc_Bacteria	-_cellular organisms;d_Bacteria
k141_36110	80840	order	Burkholderiales	5	4	2	0.500	unknown;Proteobacteria;uc_Burkholderiales	-_cellular organisms;d_Bacteria;p_Proteobacteria;c_Betaproteobacteria;o_Burkholderiales
k141_36139	2	superkingdom	Bacteria	4	4	3	0.750	uc_Bacteria;uc_Bacteria;uc_Bacteria	-_cellular organisms;d_Bacteria
k141_36180	1224	phylum	Proteobacteria	7	7	4	0.510	unknown;Proteobacteria;uc_Proteobacteria	-_cellular organisms;d_Bacteria;p_Proteobacteria
k141_5437	2	superkingdom	Bacteria	4	3	2	0.510	uc_Bacteria;uc_Bacteria;uc_Bacteria	-_cellular organisms;d_Bacteria
k141_39180	1224	phylum	Proteobacteria	4	4	3	0.750	unknown;Proteobacteria;uc_Proteobacteria	-_cellular organisms;d_Bacteria;p_Proteobacteria
k141_36238	1224	phylum	Proteobacteria	6	5	3	0.600	unknown;Proteobacteria;uc_Proteobacteria	-_cellular organisms;d_Bacteria;p_Proteobacteria
k141_45897	1	no rank	root	6	5	5	1.000	unknown;unknown;unknown	-_root
k141_45934	1224	phylum	Proteobacteria	4	4	3	0.750	unknown;Proteobacteria;uc_Proteobacteria	-_cellular organisms;d_Bacteria;p_Proteobacteria
k141_2942	1	no rank	root	6	6	6	1.000	unknown;unknown;unknown	-_root
k141_35997	28216	class	Betaproteobacteria	5	5	3	0.600	unknown;Proteobacteria;uc_Betaproteobacteria	-_cellular organisms;d_Bacteria;p_Proteobacteria;c_Betaproteobacteria
k141_45656	1224	phylum	Proteobacteria	7	7	5	0.750	unknown;Proteobacteria;uc_Proteobacteria	-_cellular organisms;d_Bacteria;p_Proteobacteria
k141_2954	2	superkingdom	Bacteria	5	5	3	0.730	uc_Bacteria;uc_Bacteria;uc_Bacteria	-_cellular organisms;d_Bacteria
k141_36011	80840	order	Burkholderiales	3	2	1	0.500	unknown;Proteobacteria;uc_Burkholderiales	-_cellular organisms;d_Bacteria;p_Proteobacteria;c_Betaproteobacteria;o_Burkholderiales
k141_19029	2	superkingdom	Bacteria	10	10	6	0.600	uc_Bacteria;uc_Bacteria;uc_Bacteria	-_cellular organisms;d_Bacteria
k141_16335	2	superkingdom	Bacteria	9	8	5	0.710	uc_Bacteria;uc_Bacteria;uc_Bacteria	-_cellular organisms;d_Bacteria
k141_36022	1	no rank	root	9	5	5	1.000	unknown;unknown;unknown	-_root
k141_45709	1224	phylum	Proteobacteria	11	9	6	0.610	unknown;Proteobacteria;uc_Proteobacteria	-_cellular organisms;d_Bacteria;p_Proteobacteria
k141_36074	1537702	species	Delftia sp. 670	5	5	4	0.680	unknown;Proteobacteria;Comamonadaceae	-_cellular organisms;d_Bacteria;p_Proteobacteria;c_Betaproteobacteria;o_Burkholderiales;f_Comamonadaceae;g_Delftia;-_unclassified Delftia;s_Delftia sp. 670
k141_31576	2	superkingdom	Bacteria	2	1	1	1.000	uc_Bacteria;uc_Bacteria;uc_Bacteria	-_cellular organisms;d_Bacteria
k141_44425	2	superkingdom	Bacteria	4	4	4	1.000	uc_Bacteria;uc_Bacteria;uc_Bacteria	-_cellular organisms;d_Bacteria
k141_21655	1	no rank	root	7	7	7	1.000	unknown;unknown;unknown	-_root
k141_34125	2	superkingdom	Bacteria	10	8	7	0.860	uc_Bacteria;uc_Bacteria;uc_Bacteria	-_cellular organisms;d_Bacteria
k141_1359	2	superkingdom	Bacteria	5	4	2	0.500	uc_Bacteria;uc_Bacteria;uc_Bacteria	-_cellular organisms;d_Bacteria
k141_1360	2	superkingdom	Bacteria	5	5	4	0.800	uc_Bacteria;uc_Bacteria;uc_Bacteria	-_cellular organisms;d_Bacteria
k141_34137	2	superkingdom	Bacteria	4	4	2	0.500	uc_Bacteria;uc_Bacteria;uc_Bacteria	-_cellular organisms;d_Bacteria
k141_1367	2	superkingdom	Bacteria	5	4	2	0.500	uc_Bacteria;uc_Bacteria;uc_Bacteria	-_cellular organisms;d_Bacteria
k141_14723	1	no rank	root	9	5	5	1.000	unknown;unknown;unknown	-_root
k141_31658	2	superkingdom	Bacteria	8	8	5	0.510	uc_Bacteria;uc_Bacteria;uc_Bacteria	-_cellular organisms;d_Bacteria
k141_1546	2	superkingdom	Bacteria	12	10	6	0.660	uc_Bacteria;uc_Bacteria;uc_Bacteria	-_cellular organisms;d_Bacteria
k141_37405	2	superkingdom	Bacteria	4	3	2	0.510	uc_Bacteria;uc_Bacteria;uc_Bacteria	-_cellular organisms;d_Bacteria
k141_44628	1	no rank	root	8	8	8	1.000	unknown;unknown;unknown	-_root
k141_44630	28216	class	Betaproteobacteria	4	3	2	0.670	unknown;Proteobacteria;uc_Betaproteobacteria	-_cellular organisms;d_Bacteria;p_Proteobacteria;c_Betaproteobacteria
k141_27870	2	superkingdom	Bacteria	6	6	5	0.980	uc_Bacteria;uc_Bacteria;uc_Bacteria	-_cellular organisms;d_Bacteria
k141_37422	2	superkingdom	Bacteria	3	3	2	0.510	uc_Bacteria;uc_Bacteria;uc_Bacteria	-_cellular organisms;d_Bacteria
k141_41335	2	superkingdom	Bacteria	3	3	3	1.000	uc_Bacteria;uc_Bacteria;uc_Bacteria	-_cellular organisms;d_Bacteria
k141_17451	1224	phylum	Proteobacteria	7	6	4	0.670	unknown;Proteobacteria;uc_Proteobacteria	-_cellular organisms;d_Bacteria;p_Proteobacteria
k141_14958	28216	class	Betaproteobacteria	8	6	4	0.510	unknown;Proteobacteria;uc_Betaproteobacteria	-_cellular organisms;d_Bacteria;p_Proteobacteria;c_Betaproteobacteria
k141_17463	28216	class	Betaproteobacteria	3	3	2	0.670	unknown;Proteobacteria;uc_Betaproteobacteria	-_cellular organisms;d_Bacteria;p_Proteobacteria;c_Betaproteobacteria
k141_29298	1	no rank	root	10	8	8	1.000	unknown;unknown;unknown	-_root
k141_29307	2	superkingdom	Bacteria	4	4	3	0.750	uc_Bacteria;uc_Bacteria;uc_Bacteria	-_cellular organisms;d_Bacteria
k141_29322	2	superkingdom	Bacteria	9	9	6	0.510	uc_Bacteria;uc_Bacteria;uc_Bacteria	-_cellular organisms;d_Bacteria
k141_29334	2	superkingdom	Bacteria	3	3	3	1.000	uc_Bacteria;uc_Bacteria;uc_Bacteria	-_cellular organisms;d_Bacteria
k141_29356	2	superkingdom	Bacteria	6	5	4	0.970	uc_Bacteria;uc_Bacteria;uc_Bacteria	-_cellular organisms;d_Bacteria
k141_2358	1224	phylum	Proteobacteria	14	12	7	0.510	unknown;Proteobacteria;uc_Proteobacteria	-_cellular organisms;d_Bacteria;p_Proteobacteria
k141_45404	2	superkingdom	Bacteria	6	6	3	0.590	uc_Bacteria;uc_Bacteria;uc_Bacteria	-_cellular organisms;d_Bacteria
k141_42551	80840	order	Burkholderiales	12	12	6	0.550	unknown;Proteobacteria;uc_Burkholderiales	-_cellular organisms;d_Bacteria;p_Proteobacteria;c_Betaproteobacteria;o_Burkholderiales
k141_42558	1224	phylum	Proteobacteria	7	7	4	0.500	unknown;Proteobacteria;uc_Proteobacteria	-_cellular organisms;d_Bacteria;p_Proteobacteria
k141_42559	2	superkingdom	Bacteria	5	5	4	0.990	uc_Bacteria;uc_Bacteria;uc_Bacteria	-_cellular organisms;d_Bacteria
k141_39433	28216	class	Betaproteobacteria	8	7	5	0.610	unknown;Proteobacteria;uc_Betaproteobacteria	-_cellular organisms;d_Bacteria;p_Proteobacteria;c_Betaproteobacteria
k141_39435	2	superkingdom	Bacteria	9	7	4	0.500	uc_Bacteria;uc_Bacteria;uc_Bacteria	-_cellular organisms;d_Bacteria
k141_39454	1224	phylum	Proteobacteria	3	3	2	0.670	unknown;Proteobacteria;uc_Proteobacteria	-_cellular organisms;d_Bacteria;p_Proteobacteria
k141_39486	2	superkingdom	Bacteria	8	6	5	0.800	uc_Bacteria;uc_Bacteria;uc_Bacteria	-_cellular organisms;d_Bacteria
k141_19248	1224	phylum	Proteobacteria	7	7	4	0.960	unknown;Proteobacteria;uc_Proteobacteria	-_cellular organisms;d_Bacteria;p_Proteobacteria
k141_3169	2	superkingdom	Bacteria	5	5	5	1.000	uc_Bacteria;uc_Bacteria;uc_Bacteria	-_cellular organisms;d_Bacteria
k141_13185	80840	order	Burkholderiales	6	4	3	0.680	unknown;Proteobacteria;uc_Burkholderiales	-_cellular organisms;d_Bacteria;p_Proteobacteria;c_Betaproteobacteria;o_Burkholderiales
k141_5747	1224	phylum	Proteobacteria	7	7	6	0.860	unknown;Proteobacteria;uc_Proteobacteria	-_cellular organisms;d_Bacteria;p_Proteobacteria
k141_39621	1	no rank	root	2	2	2	1.000	unknown;unknown;unknown	-_root
k141_48145	2	superkingdom	Bacteria	5	4	4	1.000	uc_Bacteria;uc_Bacteria;uc_Bacteria	-_cellular organisms;d_Bacteria
k141_5000	1224	phylum	Proteobacteria	3	3	2	0.670	unknown;Proteobacteria;uc_Proteobacteria	-_cellular organisms;d_Bacteria;p_Proteobacteria
k141_32230	2	superkingdom	Bacteria	2	1	1	1.000	uc_Bacteria;uc_Bacteria;uc_Bacteria	-_cellular organisms;d_Bacteria
k141_22472	32008	genus	Burkholderia	4	3	2	0.670	unknown;Proteobacteria;Burkholderiaceae	-_cellular organisms;d_Bacteria;p_Proteobacteria;c_Betaproteobacteria;o_Burkholderiales;f_Burkholderiaceae;g_Burkholderia
k141_42102	1	no rank	root	13	12	12	1.000	unknown;unknown;unknown	-_root
k141_7864	2	superkingdom	Bacteria	10	9	6	0.580	uc_Bacteria;uc_Bacteria;uc_Bacteria	-_cellular organisms;d_Bacteria
k141_47423	2	superkingdom	Bacteria	7	7	5	0.600	uc_Bacteria;uc_Bacteria;uc_Bacteria	-_cellular organisms;d_Bacteria
k141_25969	1224	phylum	Proteobacteria	9	8	6	0.710	unknown;Proteobacteria;uc_Proteobacteria	-_cellular organisms;d_Bacteria;p_Proteobacteria
k141_25997	1	no rank	root	6	4	4	1.000	unknown;unknown;unknown	-_root
k141_42208	2	superkingdom	Bacteria	3	3	2	0.960	uc_Bacteria;uc_Bacteria;uc_Bacteria	-_cellular organisms;d_Bacteria
k141_47465	1224	phylum	Proteobacteria	7	6	4	0.970	unknown;Proteobacteria;uc_Proteobacteria	-_cellular organisms;d_Bacteria;p_Proteobacteria
